{"stats":{"minecraft:used":{"minecraft:glow_item_frame":43,"minecraft:stone":2,"minecraft:lantern":1},"minecraft:custom":{"minecraft:jump":13,"minecraft:time_since_rest":3445,"minecraft:leave_game":1,"minecraft:crouch_one_cm":41,"minecraft:walk_on_water_one_cm":99,"minecraft:sprint_one_cm":81,"minecraft:play_time":3445,"minecraft:time_since_death":3445,"minecraft:walk_one_cm":1440,"minecraft:sneak_time":91,"minecraft:total_world_time":3489,"minecraft:walk_under_water_one_cm":2734,"minecraft:swim_one_cm":5488,"minecraft:fly_one_cm":113702}},"DataVersion":2730}